{"cameraMode":{"drawMode":0,"name":"Shaded","section":"Shading Mode"},"sceneLighting":false,"audioPlay":false,"sceneViewState":{"showFog":false,"showMaterialUpdate":false,"showSkybox":false,"showFlares":false,"showImageEffects":true,"showParticleSystems":true},"in2DMode":false,"pivot":{"x":0.25687849521636965,"y":0.9624904990196228,"z":0.1138017475605011},"rotation":{"x":-0.33783701062202456,"y":-0.13541901111602784,"z":0.04877496883273125,"w":-0.9302628040313721},"size":0.005654013715684414,"orthographic":false}