{"cameraMode":{"drawMode":0,"name":"Shaded","section":"Shading Mode"},"sceneLighting":true,"audioPlay":false,"sceneViewState":{"showFog":true,"showMaterialUpdate":true,"showSkybox":true,"showFlares":true,"showImageEffects":true,"showParticleSystems":true},"in2DMode":false,"pivot":{"x":6.429434776306152,"y":0.4272092878818512,"z":-10.396284103393555},"rotation":{"x":0.2174879014492035,"y":-0.640526533126831,"z":0.19626720249652863,"w":0.7098809480667114},"size":7.136369705200195,"orthographic":false}