{"cameraMode":{"drawMode":0,"name":"Shaded","section":"Shading Mode"},"sceneLighting":false,"audioPlay":false,"sceneViewState":{"showFog":false,"showMaterialUpdate":false,"showSkybox":false,"showFlares":false,"showImageEffects":true,"showParticleSystems":true},"in2DMode":false,"pivot":{"x":1.4901161193847657e-8,"y":1.5969665050506592,"z":-0.7660573720932007},"rotation":{"x":0.01864466443657875,"y":-0.9739171862602234,"z":0.08700722455978394,"w":0.2088187336921692},"size":0.23532013595104218,"orthographic":false}