{"cameraMode":{"drawMode":0,"name":"Shaded","section":"Shading Mode"},"sceneLighting":false,"audioPlay":false,"sceneViewState":{"showFog":false,"showMaterialUpdate":false,"showSkybox":false,"showFlares":false,"showImageEffects":true,"showParticleSystems":true},"in2DMode":false,"pivot":{"x":2.682209014892578e-7,"y":0.6597415208816528,"z":0.3155589699745178},"rotation":{"x":0.03517255559563637,"y":-0.964183509349823,"z":0.20310772955417634,"w":0.1675085723400116},"size":0.5838154554367065,"orthographic":false}