{"cameraMode":{"drawMode":0,"name":"Shaded","section":"Shading Mode"},"sceneLighting":false,"audioPlay":false,"sceneViewState":{"showFog":false,"showMaterialUpdate":false,"showSkybox":false,"showFlares":false,"showImageEffects":false,"showParticleSystems":false},"in2DMode":false,"pivot":{"x":-0.3664073348045349,"y":1.0992356538772584,"z":0.0},"rotation":{"x":0.025315457955002786,"y":-0.9526607394218445,"z":-0.08281177282333374,"w":-0.2915383279323578},"size":0.3504430651664734,"orthographic":false}