{"cameraMode":{"drawMode":0,"name":"Shaded","section":"Shading Mode"},"sceneLighting":false,"audioPlay":false,"sceneViewState":{"showFog":false,"showMaterialUpdate":false,"showSkybox":false,"showFlares":false,"showImageEffects":false,"showParticleSystems":false},"in2DMode":false,"pivot":{"x":-2.060605764389038,"y":1.856278896331787,"z":-0.22602146863937379},"rotation":{"x":0.14395971596240998,"y":0.04306526854634285,"z":-0.006469265557825565,"w":0.9886777400970459},"size":2.288351058959961,"orthographic":false}