{"cameraMode":{"drawMode":0,"name":"Shaded","section":"Shading Mode"},"sceneLighting":false,"audioPlay":false,"sceneViewState":{"showFog":false,"showMaterialUpdate":false,"showSkybox":false,"showFlares":false,"showImageEffects":true,"showParticleSystems":true},"in2DMode":false,"pivot":{"x":3.905482769012451,"y":-0.5395037531852722,"z":1.4398189783096314},"rotation":{"x":-0.10071393847465515,"y":-0.775272786617279,"z":0.12826010584831239,"w":-0.6102783679962158},"size":4.622856140136719,"orthographic":false}