{"cameraMode":{"drawMode":0,"name":"Shaded","section":"Shading Mode"},"sceneLighting":false,"audioPlay":false,"sceneViewState":{"showFog":false,"showMaterialUpdate":false,"showSkybox":false,"showFlares":false,"showImageEffects":false,"showParticleSystems":false},"in2DMode":false,"pivot":{"x":-1.9709999561309815,"y":-1.5199999809265137,"z":-4.984365463256836},"rotation":{"x":0.11356792598962784,"y":-0.45192620158195498,"z":0.057863954454660419,"w":0.8829559683799744},"size":2.0231873989105226,"orthographic":false}