{"cameraMode":{"drawMode":0,"name":"Shaded","section":"Shading Mode"},"sceneLighting":false,"audioPlay":false,"sceneViewState":{"showFog":false,"showMaterialUpdate":false,"showSkybox":false,"showFlares":false,"showImageEffects":false,"showParticleSystems":false},"in2DMode":false,"pivot":{"x":1.997316598892212,"y":0.3880098760128021,"z":-0.38652488589286806},"rotation":{"x":0.14395971596240998,"y":0.04306526854634285,"z":-0.006469265557825565,"w":0.9886777400970459},"size":2.2152583599090578,"orthographic":false}