{"cameraMode":{"drawMode":0,"name":"Shaded","section":"Shading Mode"},"sceneLighting":false,"audioPlay":false,"sceneViewState":{"showFog":false,"showMaterialUpdate":false,"showSkybox":false,"showFlares":false,"showImageEffects":false,"showParticleSystems":false},"in2DMode":false,"pivot":{"x":1.6733205318450928,"y":-1.9829866886138917,"z":-0.5562750101089478},"rotation":{"x":-0.049180444329977038,"y":-0.8902079463005066,"z":0.09959524869918823,"w":-0.44190484285354617},"size":9.665449142456055,"orthographic":false}