{"cameraMode":{"drawMode":0,"name":"Shaded","section":"Shading Mode"},"sceneLighting":false,"audioPlay":false,"sceneViewState":{"showFog":false,"showMaterialUpdate":false,"showSkybox":false,"showFlares":false,"showImageEffects":true,"showParticleSystems":true},"in2DMode":false,"pivot":{"x":0.28129619359970095,"y":1.2339236736297608,"z":0.3206889033317566},"rotation":{"x":0.06419637799263,"y":-0.32973426580429079,"z":0.022582538425922395,"w":0.9417243003845215},"size":0.5654029846191406,"orthographic":false}